Dates,Prices,lower Prices,upper Prices
2020-10-31,10.1,,
2020-11-01,10.095253022722572,,
2020-11-02,10.091293193303358,,
2020-11-03,10.088120511742357,,
2020-11-04,10.08573497803957,,
2020-11-05,10.084136592194994,,
2020-11-06,10.083325354208634,,
2020-11-07,10.083301264080486,,
2020-11-08,10.084064321810553,,
2020-11-09,10.085614527398834,,
2020-11-10,10.087951880845324,,
2020-11-11,10.09107638215003,,
2020-11-12,10.094988031312951,,
2020-11-13,10.099686828334084,,
2020-11-14,10.10517277321343,,
2020-11-15,10.111445865950992,,
2020-11-16,10.118506106546764,,
2020-11-17,10.126353495000751,,
2020-11-18,10.134988031312952,,
2020-11-19,10.144409715483366,,
2020-11-20,10.15461854751199,,
2020-11-21,10.165614527398834,,
2020-11-22,10.177397655143887,,
2020-11-23,10.189967930747153,,
2020-11-24,10.203325354208635,,
2020-11-25,10.217469925528329,,
2020-11-26,10.232401644706236,,
2020-11-27,10.248120511742357,,
2020-11-28,10.264626526636693,,
2020-11-29,10.28191968938924,,
2020-11-30,10.3,,
2020-12-01,10.318867458468976,,
2020-12-02,10.338522064796162,,
2020-12-03,10.358963818981564,,
2020-12-04,10.380192721025182,,
2020-12-05,10.40220877092701,,
2020-12-06,10.425011968687052,,
2020-12-07,10.448602314305305,,
2020-12-08,10.472979807781773,,
2020-12-09,10.498144449116458,,
2020-12-10,10.524096238309351,,
2020-12-11,10.55083517536046,,
2020-12-12,10.578361260269784,,
2020-12-13,10.60667449303732,,
2020-12-14,10.635774873663067,,
2020-12-15,10.665662402147031,,
2020-12-16,10.696075980709178,,
2020-12-17,10.72544902266934,,
2020-12-18,10.753520430247484,,
2020-12-19,10.780290203443617,,
2020-12-20,10.80575834225773,,
2020-12-21,10.82992484668983,,
2020-12-22,10.852789716739917,,
2020-12-23,10.874352952407985,,
2020-12-24,10.89461455369404,,
2020-12-25,10.913574520598083,,
2020-12-26,10.931232853120108,,
2020-12-27,10.947589551260114,,
2020-12-28,10.96264461501811,,
2020-12-29,10.976398044394088,,
2020-12-30,10.988849839388054,,
2020-12-31,11.0,,
2021-01-01,11.009848526229936,,
2021-01-02,11.018395418077855,,
2021-01-03,11.025640675543757,,
2021-01-04,11.031584298627648,,
2021-01-05,11.036226287329521,,
2021-01-06,11.03956664164938,,
2021-01-07,11.041605361587223,,
2021-01-08,11.04234244714305,,
2021-01-09,11.041777898316864,,
2021-01-10,11.039911715108662,,
2021-01-11,11.036743897518445,,
2021-01-12,11.03227444554621,,
2021-01-13,11.026503359191963,,
2021-01-14,11.019430638455699,,
2021-01-15,11.011056283337423,,
2021-01-16,11.001588364258055,,
2021-01-17,10.992275303743146,,
2021-01-18,10.983325172213627,,
2021-01-19,10.974737969669492,,
2021-01-20,10.966513696110745,,
2021-01-21,10.958652351537383,,
2021-01-22,10.951153935949408,,
2021-01-23,10.944018449346817,,
2021-01-24,10.937245891729615,,
2021-01-25,10.930836263097797,,
2021-01-26,10.924789563451366,,
2021-01-27,10.919105792790319,,
2021-01-28,10.91378495111466,,
2021-01-29,10.908827038424391,,
2021-01-30,10.904232054719502,,
2021-01-31,10.9,,
2021-02-01,10.896130874265888,,
2021-02-02,10.892624677517162,,
2021-02-03,10.889481409753818,,
2021-02-04,10.886701070975864,,
2021-02-05,10.884283661183293,,
2021-02-06,10.882229180376111,,
2021-02-07,10.880537628554311,,
2021-02-08,10.879209005717902,,
2021-02-09,10.878243311866878,,
2021-02-10,10.877640547001239,,
2021-02-11,10.877400711120988,,
2021-02-12,10.87752380422612,,
2021-02-13,10.87800982631664,,
2021-02-14,10.878858777392548,,
2021-02-15,10.879923455229754,,
2021-02-16,10.881056657604177,,
2021-02-17,10.882258384515811,,
2021-02-18,10.883528635964662,,
2021-02-19,10.884867411950731,,
2021-02-20,10.886274712474012,,
2021-02-21,10.887750537534508,,
2021-02-22,10.88929488713222,,
2021-02-23,10.890907761267146,,
2021-02-24,10.89258915993929,,
2021-02-25,10.894339083148644,,
2021-02-26,10.896157530895215,,
2021-02-27,10.898044503179,,
2021-02-28,10.9,,
2021-03-01,10.902024021358217,,
2021-03-02,10.904116567253649,,
2021-03-03,10.906277637686292,,
2021-03-04,10.908507232656156,,
2021-03-05,10.91080535216323,,
2021-03-06,10.91317199620752,,
2021-03-07,10.915607164789026,,
2021-03-08,10.918110857907747,,
2021-03-09,10.920683075563682,,
2021-03-10,10.923323817756831,,
2021-03-11,10.926033084487196,,
2021-03-12,10.928810875754777,,
2021-03-13,10.931657191559571,,
2021-03-14,10.934572031901581,,
2021-03-15,10.937555396780805,,
2021-03-16,10.940508838151555,,
2021-03-17,10.942841667739676,,
2021-03-18,10.944455437499482,,
2021-03-19,10.94535014743097,,
2021-03-20,10.945525797534136,,
2021-03-21,10.944982387808984,,
2021-03-22,10.94371991825552,,
2021-03-23,10.94173838887373,,
2021-03-24,10.939037799663629,,
2021-03-25,10.935618150625206,,
2021-03-26,10.931479441758466,,
2021-03-27,10.926621673063408,,
2021-03-28,10.921044844540033,,
2021-03-29,10.914748956188339,,
2021-03-30,10.90773400800833,,
2021-03-31,10.9,,
2021-04-01,10.891546932163353,,
2021-04-02,10.882374804498385,,
2021-04-03,10.872483617005104,,
2021-04-04,10.8618733696835,,
2021-04-05,10.850544062533583,,
2021-04-06,10.838495695555345,,
2021-04-07,10.82572826874879,,
2021-04-08,10.812241782113915,,
2021-04-09,10.798036235650725,,
2021-04-10,10.783111629359215,,
2021-04-11,10.76746796323939,,
2021-04-12,10.751105237291245,,
2021-04-13,10.73402345151478,,
2021-04-14,10.716222605910001,,
2021-04-15,10.697702700476903,,
2021-04-16,10.678758771039565,,
2021-04-17,10.659685853422065,,
2021-04-18,10.640483947624407,,
2021-04-19,10.621153053646587,,
2021-04-20,10.60169317148861,,
2021-04-21,10.582104301150471,,
2021-04-22,10.562386442632171,,
2021-04-23,10.542539595933711,,
2021-04-24,10.52256376105509,,
2021-04-25,10.502458937996309,,
2021-04-26,10.482225126757367,,
2021-04-27,10.461862327338267,,
2021-04-28,10.441370539739003,,
2021-04-29,10.42074976395958,,
2021-04-30,10.4,,
2021-05-01,10.379121247860255,,
2021-05-02,10.35811350754035,,
2021-05-03,10.336976779040288,,
2021-05-04,10.315711062360064,,
2021-05-05,10.29431635749968,,
2021-05-06,10.272792664459136,,
2021-05-07,10.25113998323843,,
2021-05-08,10.229358313837565,,
2021-05-09,10.207447656256539,,
2021-05-10,10.185408010495353,,
2021-05-11,10.163239376554007,,
2021-05-12,10.1409417544325,,
2021-05-13,10.118515144130832,,
2021-05-14,10.095959545649006,,
2021-05-15,10.07327495898702,,
2021-05-16,10.05061457958723,,
2021-05-17,10.028897580103788,,
2021-05-18,10.008277155979057,,
2021-05-19,9.988753307213035,,
2021-05-20,9.97032603380572,,
2021-05-21,9.952995335757112,,
2021-05-22,9.936761213067214,,
2021-05-23,9.921623665736023,,
2021-05-24,9.907582693763542,,
2021-05-25,9.894638297149768,,
2021-05-26,9.882790475894701,,
2021-05-27,9.872039229998345,,
2021-05-28,9.862384559460697,,
2021-05-29,9.853826464281756,,
2021-05-30,9.846364944461525,,
2021-05-31,9.84,,
2021-06-01,9.834731630897183,,
2021-06-02,9.830559837153077,,
2021-06-03,9.827484618767677,,
2021-06-04,9.825505975740986,,
2021-06-05,9.824623908073002,,
2021-06-06,9.824838415763729,,
2021-06-07,9.826149498813162,,
2021-06-08,9.828557157221304,,
2021-06-09,9.832061390988155,,
2021-06-10,9.836662200113713,,
2021-06-11,9.842359584597979,,
2021-06-12,9.849153544440956,,
2021-06-13,9.857044079642638,,
2021-06-14,9.86603119020303,,
2021-06-15,9.87611487612213,,
2021-06-16,9.886588652031255,,
2021-06-17,9.896746032561724,,
2021-06-18,9.906587017713534,,
2021-06-19,9.916111607486688,,
2021-06-20,9.925319801881184,,
2021-06-21,9.934211600897022,,
2021-06-22,9.942787004534207,,
2021-06-23,9.951046012792728,,
2021-06-24,9.958988625672598,,
2021-06-25,9.966614843173806,,
2021-06-26,9.97392466529636,,
2021-06-27,9.980918092040257,,
2021-06-28,9.987595123405494,,
2021-06-29,9.993955759392074,,
2021-06-30,10.0,,
2021-07-01,10.005727845229266,,
2021-07-02,10.011139295079875,,
2021-07-03,10.016234349551828,,
2021-07-04,10.021013008645124,,
2021-07-05,10.025475272359762,,
2021-07-06,10.029621140695742,,
2021-07-07,10.033450613653066,,
2021-07-08,10.036963691231731,,
2021-07-09,10.040160373431743,,
2021-07-10,10.04304066025309,,
2021-07-11,10.045604551695789,,
2021-07-12,10.047852047759823,,
2021-07-13,10.049783148445204,,
2021-07-14,10.051397853751928,,
2021-07-15,10.052696163679993,,
2021-07-16,10.05375046183915,,
2021-07-17,10.054995049887891,,
2021-07-18,10.056502311435962,,
2021-07-19,10.058272246483362,,
2021-07-20,10.060304855030095,,
2021-07-21,10.062600137076156,,
2021-07-22,10.065158092621553,,
2021-07-23,10.067978721666279,,
2021-07-24,10.071062024210335,,
2021-07-25,10.074408000253722,,
2021-07-26,10.078016649796442,,
2021-07-27,10.08188797283849,,
2021-07-28,10.086021969379871,,
2021-07-29,10.090418639420584,,
2021-07-30,10.095077982960627,,
2021-07-31,10.1,,
2021-08-01,10.105184690538707,,
2021-08-02,10.110632054576742,,
2021-08-03,10.116342092114108,,
2021-08-04,10.122314803150806,,
2021-08-05,10.128550187686837,,
2021-08-06,10.135048245722196,,
2021-08-07,10.141808977256886,,
2021-08-08,10.148832382290909,,
2021-08-09,10.156118460824262,,
2021-08-10,10.163667212856945,,
2021-08-11,10.171478638388962,,
2021-08-12,10.179552737420307,,
2021-08-13,10.187889509950985,,
2021-08-14,10.196488955980993,,
2021-08-15,10.205351075510332,,
2021-08-16,10.214389636922052,,
2021-08-17,10.223087250514457,,
2021-08-18,10.23135768467059,,
2021-08-19,10.239200939390457,,
2021-08-20,10.246617014674058,,
2021-08-21,10.25360591052139,,
2021-08-22,10.260167626932457,,
2021-08-23,10.266302163907254,,
2021-08-24,10.272009521445783,,
2021-08-25,10.277289699548046,,
2021-08-26,10.28214269821404,,
2021-08-27,10.286568517443767,,
2021-08-28,10.290567157237227,,
2021-08-29,10.294138617594419,,
2021-08-30,10.297282898515345,,
2021-08-31,10.3,,
2021-09-01,10.302289922048388,,
2021-09-02,10.304152664660512,,
2021-09-03,10.305588227836367,,
2021-09-04,10.306596611575953,,
2021-09-05,10.307177815879273,,
2021-09-06,10.307331840746322,,
2021-09-07,10.307058686177108,,
2021-09-08,10.306358352171625,,
2021-09-09,10.305230838729875,,
2021-09-10,10.303676145851853,,
2021-09-11,10.301694273537567,,
2021-09-12,10.299285221787013,,
2021-09-13,10.296448990600192,,
2021-09-14,10.293185579977104,,
2021-09-15,10.289494989917747,,
2021-09-16,10.285453333281344,,
2021-09-17,10.281136722927116,,
2021-09-18,10.27654515885506,,
2021-09-19,10.271678641065177,,
2021-09-20,10.266537169557473,,
2021-09-21,10.261120744331944,,
2021-09-22,10.255429365388586,,
2021-09-23,10.249463032727402,,
2021-09-24,10.243221746348395,,
2021-09-25,10.236705506251557,,
2021-09-26,10.229914312436897,,
2021-09-27,10.222848164904413,,
2021-09-28,10.2155070636541,,
2021-09-29,10.207891008685962,,
2021-09-30,10.2,,
2021-10-01,10.19183403759621,,
2021-10-02,10.183393121474595,,
2021-10-03,10.174677251635156,,
2021-10-04,10.16568642807789,,
2021-10-05,10.156420650802797,,
2021-10-06,10.14687991980988,,
2021-10-07,10.137064235099137,,
2021-10-08,10.126973596670569,,
2021-10-09,10.116608004524174,,
2021-10-10,10.105967458659952,,
2021-10-11,10.095051959077908,,
2021-10-12,10.083861505778037,,
2021-10-13,10.07239609876034,,
2021-10-14,10.060655738024815,,
2021-10-15,10.048640423571467,,
2021-10-16,10.036642557391248,,
2021-10-17,10.026416551429874,,
2021-10-18,10.018254807678305,,
2021-10-19,10.012157326136542,,
2021-10-20,10.008124106804582,,
2021-10-21,10.006155149682419,,
2021-10-22,10.006250454770065,,
2021-10-23,10.00841002206751,,
2021-10-24,10.012633851574762,,
2021-10-25,10.018921943291815,,
2021-10-26,10.027274297218671,,
2021-10-27,10.03769091335533,,
2021-10-28,10.050171791701795,,
2021-10-29,10.064716932258056,,
2021-10-30,10.081326335024126,,
2021-10-31,10.1,,
2021-11-01,10.120737927185674,,
2021-11-02,10.143540116581152,,
2021-11-03,10.168406568186432,,
2021-11-04,10.195337282001516,,
2021-11-05,10.224332258026402,,
2021-11-06,10.255391496261094,,
2021-11-07,10.288514996705587,,
2021-11-08,10.323702759359884,,
2021-11-09,10.360954784223983,,
2021-11-10,10.400271071297883,,
2021-11-11,10.44165162058159,,
2021-11-12,10.4850964320751,,
2021-11-13,10.53060550577841,,
2021-11-14,10.578178841691527,,
2021-11-15,10.627816439814444,,
2021-11-16,10.67765122513901,,
2021-11-17,10.725816122657074,,
2021-11-18,10.772311132368632,,
2021-11-19,10.817136254273684,,
2021-11-20,10.860291488372237,,
2021-11-21,10.901776834664282,,
2021-11-22,10.941592293149824,,
2021-11-23,10.97973786382886,,
2021-11-24,11.016213546701392,,
2021-11-25,11.051019341767422,,
2021-11-26,11.084155249026946,,
2021-11-27,11.115621268479964,,
2021-11-28,11.14541740012648,,
2021-11-29,11.173543643966488,,
2021-11-30,11.2,,
2021-12-01,11.224786468227,,
2021-12-02,11.247903048647498,,
2021-12-03,11.269349741261493,,
2021-12-04,11.289126546068982,,
2021-12-05,11.307233463069965,,
2021-12-06,11.323670492264446,,
2021-12-07,11.338437633652424,,
2021-12-08,11.351534887233896,,
2021-12-09,11.362962253008865,,
2021-12-10,11.372719730977325,,
2021-12-11,11.380807321139285,,
2021-12-12,11.38722502349474,,
2021-12-13,11.39197283804369,,
2021-12-14,11.395050764786138,,
2021-12-15,11.39645880372208,,
2021-12-16,11.396413518134544,,
2021-12-17,11.396214287721682,,
2021-12-18,11.396077675766517,,
2021-12-19,11.39600368226905,,
2021-12-20,11.395992307229283,,
2021-12-21,11.396043550647217,,
2021-12-22,11.396157412522848,,
2021-12-23,11.39633389285618,,
2021-12-24,11.396572991647213,,
2021-12-25,11.39687470889594,,
2021-12-26,11.397239044602369,,
2021-12-27,11.397665998766497,,
2021-12-28,11.398155571388322,,
2021-12-29,11.39870776246785,,
2021-12-30,11.399322572005076,,
2021-12-31,11.4,,
2022-01-01,11.400740046452624,,
2022-01-02,11.401542711362946,,
2022-01-03,11.402407994730966,,
2022-01-04,11.403335896556689,,
2022-01-05,11.404326416840107,,
2022-01-06,11.405379555581225,,
2022-01-07,11.406495312780043,,
2022-01-08,11.407673688436562,,
2022-01-09,11.40891468255078,,
2022-01-10,11.410218295122693,,
2022-01-11,11.411584526152307,,
2022-01-12,11.41301337563962,,
2022-01-13,11.414504843584634,,
2022-01-14,11.416058929987344,,
2022-01-15,11.417675634847757,,
2022-01-16,11.419404844718558,,
2022-01-17,11.421545878915916,,
2022-01-18,11.424148623992522,,
2022-01-19,11.427213079948377,,
2022-01-20,11.430739246783483,,
2022-01-21,11.434727124497833,,
2022-01-22,11.439176713091431,,
2022-01-23,11.444088012564281,,
2022-01-24,11.449461022916378,,
2022-01-25,11.45529574414772,,
2022-01-26,11.461592176258312,,
2022-01-27,11.468350319248154,,
2022-01-28,11.475570173117244,,
2022-01-29,11.483251737865583,,
2022-01-30,11.491395013493166,,
2022-01-31,11.5,,
2022-02-01,11.50906669738608,,
2022-02-02,11.518595105651414,,
2022-02-03,11.528585224795993,,
2022-02-04,11.539037054819822,,
2022-02-05,11.549950595722892,,
2022-02-06,11.561325847505216,,
2022-02-07,11.573162810166789,,
2022-02-08,11.58546148370761,,
2022-02-09,11.598221868127677,,
2022-02-10,11.611443963426993,,
2022-02-11,11.625127769605559,,
2022-02-12,11.639273286663371,,
2022-02-13,11.653880514600434,,
2022-02-14,11.668949453416744,,
2022-02-15,11.683825030463495,,
2022-02-16,11.697852173091878,,
2022-02-17,11.7110308813019,,
2022-02-18,11.723361155093553,,
2022-02-19,11.734842994466845,,
2022-02-20,11.745476399421769,,
2022-02-21,11.755261369958324,,
2022-02-22,11.764197906076518,,
2022-02-23,11.772286007776346,,
2022-02-24,11.779525675057812,,
2022-02-25,11.785916907920905,,
2022-02-26,11.791459706365638,,
2022-02-27,11.796154070392003,,
2022-02-28,11.8,,
2022-03-01,11.802997495189636,,
2022-03-02,11.805146555960906,,
2022-03-03,11.806447182313807,,
2022-03-04,11.806899374248347,,
2022-03-05,11.80650313176452,,
2022-03-06,11.805258454862326,,
2022-03-07,11.803165343541771,,
2022-03-08,11.800223797802849,,
2022-03-09,11.796433817645557,,
2022-03-10,11.791795403069903,,
2022-03-11,11.786308554075884,,
2022-03-12,11.7799732706635,,
2022-03-13,11.772789552832746,,
2022-03-14,11.76475740058363,,
2022-03-15,11.755876813916148,,
2022-03-16,11.746149457402272,,
2022-03-17,11.735585318473802,,
2022-03-18,11.724186061702712,,
2022-03-19,11.711951687089003,,
2022-03-20,11.69888219463267,,
2022-03-21,11.684977584333714,,
2022-03-22,11.67023785619214,,
2022-03-23,11.654663010207942,,
2022-03-24,11.638253046381124,,
2022-03-25,11.621007964711685,,
2022-03-26,11.602927765199622,,
2022-03-27,11.584012447844941,,
2022-03-28,11.564262012647637,,
2022-03-29,11.543676459607711,,
2022-03-30,11.522255788725166,,
2022-03-31,11.5,,
2022-04-01,11.476909093432209,,
2022-04-02,11.452983069021798,,
2022-04-03,11.428221926768767,,
2022-04-04,11.402625666673112,,
2022-04-05,11.376194288734837,,
2022-04-06,11.34892779295394,,
2022-04-07,11.320826179330423,,
2022-04-08,11.291889447864284,,
2022-04-09,11.262117598555525,,
2022-04-10,11.231510631404142,,
2022-04-11,11.200068546410138,,
2022-04-12,11.167791343573512,,
2022-04-13,11.134679022894268,,
2022-04-14,11.1007315843724,,
2022-04-15,11.065949028007912,,
2022-04-16,11.03146914695002,,
2022-04-17,10.998429734347942,,
2022-04-18,10.966830790201676,,
2022-04-19,10.936672314511224,,
2022-04-20,10.907954307276588,,
2022-04-21,10.880676768497768,,
2022-04-22,10.854839698174759,,
2022-04-23,10.830443096307565,,
2022-04-24,10.807486962896185,,
2022-04-25,10.78597129794062,,
2022-04-26,10.765896101440866,,
2022-04-27,10.747261373396931,,
2022-04-28,10.730067113808804,,
2022-04-29,10.714313322676494,,
2022-04-30,10.7,,
2022-05-01,10.687127145779316,,
2022-05-02,10.675694760014448,,
2022-05-03,10.665702842705395,,
2022-05-04,10.657151393852153,,
2022-05-05,10.650040413454729,,
2022-05-06,10.644369901513118,,
2022-05-07,10.640139858027318,,
2022-05-08,10.637350282997335,,
2022-05-09,10.636001176423164,,
2022-05-10,10.636092538304808,,
2022-05-11,10.63762436864227,,
2022-05-12,10.640596667435542,,
2022-05-13,10.645009434684628,,
2022-05-14,10.650862670389525,,
2022-05-15,10.658156374550241,,
2022-05-16,10.666608799663013,,
2022-05-17,10.674529460705282,,
2022-05-18,10.681636610173294,,
2022-05-19,10.687930248067051,,
2022-05-20,10.693410374386549,,
2022-05-21,10.698076989131787,,
2022-05-22,10.701930092302767,,
2022-05-23,10.704969683899492,,
2022-05-24,10.707195763921959,,
2022-05-25,10.708608332370167,,
2022-05-26,10.709207389244115,,
2022-05-27,10.708992934543806,,
2022-05-28,10.707964968269245,,
2022-05-29,10.706123490420419,,
2022-05-30,10.703468500997339,,
2022-05-31,10.7,,
2022-06-01,10.695717987428402,,
2022-06-02,10.690622463282548,,
2022-06-03,10.684713427562436,,
2022-06-04,10.677990880268064,,
2022-06-05,10.670454821399435,,
2022-06-06,10.66210525095655,,
2022-06-07,10.652942168939404,,
2022-06-08,10.642965575348004,,
2022-06-09,10.632175470182343,,
2022-06-10,10.620571853442424,,
2022-06-11,10.608154725128248,,
2022-06-12,10.594924085239816,,
2022-06-13,10.580879933777126,,
2022-06-14,10.566022270740177,,
2022-06-15,10.55035109612897,,
2022-06-16,10.534676800663284,,
2022-06-17,10.519809775062894,,
2022-06-18,10.505750019327804,,
2022-06-19,10.492497533458012,,
2022-06-20,10.480052317453518,,
2022-06-21,10.468414371314326,,
2022-06-22,10.457583695040428,,
2022-06-23,10.44756028863183,,
2022-06-24,10.438344152088531,,
2022-06-25,10.42993528541053,,
2022-06-26,10.422333688597828,,
2022-06-27,10.415539361650424,,
2022-06-28,10.409552304568315,,
2022-06-29,10.404372517351508,,
2022-06-30,10.4,,
2022-07-01,10.396434752513787,,
2022-07-02,10.393676774892874,,
2022-07-03,10.39172606713726,,
2022-07-04,10.390582629246945,,
2022-07-05,10.390246461221926,,
2022-07-06,10.390717563062207,,
2022-07-07,10.391995934767786,,
2022-07-08,10.394081576338664,,
2022-07-09,10.396974487774841,,
2022-07-10,10.400674669076313,,
2022-07-11,10.405182120243087,,
2022-07-12,10.410496841275158,,
2022-07-13,10.416618832172528,,
2022-07-14,10.423548092935196,,
2022-07-15,10.431284623563162,,
2022-07-16,10.439656875861537,,
2022-07-17,10.447635560660961,,
2022-07-18,10.455049129766554,,
2022-07-19,10.461897583178304,,
2022-07-20,10.46818092089622,,
2022-07-21,10.473899142920295,,
2022-07-22,10.479052249250534,,
2022-07-23,10.483640239886936,,
2022-07-24,10.487663114829502,,
2022-07-25,10.491120874078225,,
2022-07-26,10.494013517633118,,
2022-07-27,10.496341045494168,,
2022-07-28,10.498103457661381,,
2022-07-29,10.499300754134758,,
2022-07-30,10.499932934914298,,
2022-07-31,10.5,,
2022-08-01,10.499501949391865,,
2022-08-02,10.49843878308989,,
2022-08-03,10.496810501094078,,
2022-08-04,10.494617103404428,,
2022-08-05,10.491858590020946,,
2022-08-06,10.48853496094362,,
2022-08-07,10.48464621617246,,
2022-08-08,10.48019235570746,,
2022-08-09,10.475173379548622,,
2022-08-10,10.46958928769595,,
2022-08-11,10.463440080149438,,
2022-08-12,10.456725756909089,,
2022-08-13,10.449446317974903,,
2022-08-14,10.441601763346878,,
2022-08-15,10.433192093025017,,
2022-08-16,10.424402757962998,,
2022-08-17,10.416346463882903,,
2022-08-18,10.40920866173841,,
2022-08-19,10.402989351529525,,
2022-08-20,10.397688533256241,,
2022-08-21,10.393306206918561,,
2022-08-22,10.389842372516489,,
2022-08-23,10.387297030050018,,
2022-08-24,10.38567017951915,,
2022-08-25,10.384961820923888,,
2022-08-26,10.38517195426423,,
2022-08-27,10.386300579540176,,
2022-08-28,10.388347696751726,,
2022-08-29,10.39131330589888,,
2022-08-30,10.395197406981636,,
2022-08-31,10.4,,
2022-09-01,10.405721084953964,,
2022-09-02,10.412360661843534,,
2022-09-03,10.41991873066871,,
2022-09-04,10.428395291429487,,
2022-09-05,10.437790344125869,,
2022-09-06,10.448103888757855,,
2022-09-07,10.459335925325446,,
2022-09-08,10.471486453828641,,
2022-09-09,10.48455547426744,,
2022-09-10,10.49854298664184,,
2022-09-11,10.513448990951847,,
2022-09-12,10.529273487197457,,
2022-09-13,10.546016475378675,,
2022-09-14,10.563677955495493,,
2022-09-15,10.582257927547916,,
2022-09-16,10.600995606911024,,
2022-09-17,10.619130208959898,,
2022-09-18,10.63666173369454,,
2022-09-19,10.653590181114946,,
2022-09-20,10.669915551221118,,
2022-09-21,10.685637844013058,,
2022-09-22,10.700757059490765,,
2022-09-23,10.715273197654236,,
2022-09-24,10.729186258503477,,
2022-09-25,10.74249624203848,,
2022-09-26,10.755203148259252,,
2022-09-27,10.76730697716579,,
2022-09-28,10.778807728758093,,
2022-09-29,10.789705403036162,,
2022-09-30,10.8,,
2022-10-01,10.809691519649602,,
2022-10-02,10.818779961984973,,
2022-10-03,10.827265327006108,,
2022-10-04,10.835147614713009,,
2022-10-05,10.842426825105676,,
2022-10-06,10.84910295818411,,
2022-10-07,10.85517601394831,,
2022-10-08,10.860645992398277,,
2022-10-09,10.86551289353401,,
2022-10-10,10.86977671735551,,
2022-10-11,10.873437463862777,,
2022-10-12,10.876495133055808,,
2022-10-13,10.878949724934607,,
2022-10-14,10.88080123949917,,
2022-10-15,10.882049676749503,,
2022-10-16,10.88288233516841,,
2022-10-17,10.884423005652756,,
2022-10-18,10.886858986685358,,
2022-10-19,10.890190278266207,,
2022-10-20,10.89441688039531,,
2022-10-21,10.899538793072661,,
2022-10-22,10.905556016298265,,
2022-10-23,10.912468550072122,,
2022-10-24,10.920276394394227,,
2022-10-25,10.928979549264584,,
2022-10-26,10.938578014683193,,
2022-10-27,10.949071790650052,,
2022-10-28,10.960460877165163,,
2022-10-29,10.972745274228522,,
2022-10-30,10.985924981840135,,
2022-10-31,11.0,,
2022-11-01,11.014970328708113,,
2022-11-02,11.030835967964478,,
2022-11-03,11.047596917769097,,
2022-11-04,11.065253178121964,,
2022-11-05,11.083804749023084,,
2022-11-06,11.103251630472453,,
2022-11-07,11.123593822470076,,
2022-11-08,11.144831325015948,,
2022-11-09,11.166964138110071,,
2022-11-10,11.189992261752444,,
2022-11-11,11.21391569594307,,
2022-11-12,11.238734440681947,,
2022-11-13,11.264448495969075,,
2022-11-14,11.291057861804454,,
2022-11-15,11.318562538188084,,
2022-11-16,11.345902214232263,,
2022-11-17,11.372016579049292,,
2022-11-18,11.396905632639173,,
2022-11-19,11.420569375001902,,
2022-11-20,11.44300780613748,,
2022-11-21,11.464220926045911,,
2022-11-22,11.48420873472719,,
2022-11-23,11.502971232181316,,
2022-11-24,11.520508418408294,,
2022-11-25,11.53682029340812,,
2022-11-26,11.551906857180795,,
2022-11-27,11.565768109726323,,
2022-11-28,11.578404051044696,,
2022-11-29,11.58981468113592,,
2022-11-30,11.6,,
2022-12-01,11.608960007636922,,
2022-12-02,11.616694704046695,,
2022-12-03,11.62320408922932,,
2022-12-04,11.628488163184791,,
2022-12-05,11.632546925913115,,
2022-12-06,11.635380377414288,,
2022-12-07,11.636988517688309,,
2022-12-08,11.637371346735183,,
2022-12-09,11.636528864554904,,
2022-12-10,11.634461071147472,,
2022-12-11,11.631167966512894,,
2022-12-12,11.626649550651164,,
2022-12-13,11.620905823562286,,
2022-12-14,11.613936785246253,,
2022-12-15,11.605742435703075,,
2022-12-16,11.596626634957595,,
2022-12-17,11.588412543158906,,
2022-12-18,11.581404020331865,,
2022-12-19,11.57560106647647,,
2022-12-20,11.571003681592716,,
2022-12-21,11.567611865680608,,
2022-12-22,11.565425618740147,,
2022-12-23,11.56444494077133,,
2022-12-24,11.564669831774157,,
2022-12-25,11.566100291748628,,
2022-12-26,11.568736320694747,,
2022-12-27,11.572577918612506,,
2022-12-28,11.577625085501912,,
2022-12-29,11.583877821362965,,
2022-12-30,11.59133612619566,,
2022-12-31,11.6,,
2023-01-01,11.609869442775988,,
2023-01-02,11.620944454523617,,
2023-01-03,11.633225035242893,,
2023-01-04,11.646711184933812,,
2023-01-05,11.661402903596379,,
2023-01-06,11.677300191230588,,
2023-01-07,11.694403047836442,,
2023-01-08,11.71271147341394,,
2023-01-09,11.732225467963087,,
2023-01-10,11.752945031483875,,
2023-01-11,11.77487016397631,,
2023-01-12,11.798000865440386,,
2023-01-13,11.82233713587611,,
2023-01-14,11.847878975283479,,
2023-01-15,11.874626383662491,,
2023-01-16,11.902197943429515,,
2023-01-17,11.92830514908276,,
2023-01-18,11.952566583038598,,
2023-01-19,11.974982245297019,,
2023-01-20,11.995552135858032,,
2023-01-21,12.014276254721633,,
2023-01-22,12.03115460188782,,
2023-01-23,12.0461871773566,,
2023-01-24,12.059373981127965,,
2023-01-25,12.070715013201918,,
2023-01-26,12.080210273578462,,
2023-01-27,12.087859762257592,,
2023-01-28,12.093663479239314,,
2023-01-29,12.097621424523622,,
2023-01-30,12.099733598110518,,
2023-01-31,12.1,,
2023-02-01,12.098420630192075,,
2023-02-02,12.094995488686736,,
2023-02-03,12.089724575483988,,
2023-02-04,12.082607890583827,,
2023-02-05,12.073645433986254,,
2023-02-06,12.06283720569127,,
2023-02-07,12.050183205698874,,
2023-02-08,12.035683434009067,,
2023-02-09,12.01933789062185,,
2023-02-10,12.001146575537216,,
2023-02-11,11.981109488755177,,
2023-02-12,11.959226630275724,,
2023-02-13,11.93549800009886,,
2023-02-14,11.909923598224584,,
2023-02-15,11.884247935143934,,
2023-02-16,11.860215521347948,,
2023-02-17,11.83782635683663,,
2023-02-18,11.817080441609974,,
2023-02-19,11.797977775667986,,
2023-02-20,11.78051835901066,,
2023-02-21,11.764702191638,,
2023-02-22,11.750529273550006,,
2023-02-23,11.737999604746674,,
2023-02-24,11.727113185228013,,
2023-02-25,11.717870014994011,,
2023-02-26,11.710270094044676,,
2023-02-27,11.704313422380004,,
2023-02-28,11.7,,
2023-03-01,11.697329826904658,,
2023-03-02,11.696302903093983,,
2023-03-03,11.696919228567973,,
2023-03-04,11.699178803326628,,
2023-03-05,11.703081627369945,,
2023-03-06,11.70862770069793,,
2023-03-07,11.715817023310583,,
2023-03-08,11.724649595207893,,
2023-03-09,11.735125416389874,,
2023-03-10,11.747244486856516,,
2023-03-11,11.761006806607826,,
2023-03-12,11.776412375643801,,
2023-03-13,11.793461193964438,,
2023-03-14,11.812153261569742,,
2023-03-15,11.83248857845971,,
2023-03-16,11.85407033344661,,
2023-03-17,11.874517659404024,,
2023-03-18,11.893433745144225,,
2023-03-19,11.910818590667205,,
2023-03-20,11.926672195972968,,
2023-03-21,11.940994561061514,,
2023-03-22,11.953785685932841,,
2023-03-23,11.965045570586952,,
2023-03-24,11.974774215023842,,
2023-03-25,11.98297161924352,,
2023-03-26,11.989637783245977,,
2023-03-27,11.994772707031215,,
2023-03-28,11.998376390599237,,
2023-03-29,12.000448833950044,,
2023-03-30,12.00099003708363,,
2023-03-31,12.0,,
2023-04-01,11.997478722699151,,
2023-04-02,11.993426205181084,,
2023-04-03,11.987842447445804,,
2023-04-04,11.980727449493301,,
2023-04-05,11.972081211323582,,
2023-04-06,11.961903732936648,,
2023-04-07,11.950195014332493,,
2023-04-08,11.93695505551112,,
2023-04-09,11.922183856472532,,
2023-04-10,11.905881417216724,,
2023-04-11,11.888047737743701,,
2023-04-12,11.868682818053458,,
2023-04-13,11.847786658146,,
2023-04-14,11.825359258021322,,
2023-04-15,11.801400617679427,,
2023-04-16,11.776985082958161,,
2023-04-17,11.753186999695364,,
2023-04-18,11.730006367891042,,
2023-04-19,11.707443187545188,,
2023-04-20,11.68549745865781,,
2023-04-21,11.664169181228907,,
2023-04-22,11.643458355258474,,
2023-04-23,11.62336498074651,,
2023-04-24,11.60388905769302,,
2023-04-25,11.585030586098002,,
2023-04-26,11.566789565961459,,
2023-04-27,11.549165997283385,,
2023-04-28,11.532159880063785,,
2023-04-29,11.515771214302653,,
2023-04-30,11.5,,
2023-05-01,11.484846237155814,,
2023-05-02,11.470309925770103,,
2023-05-03,11.456391065842864,,
2023-05-04,11.443089657374095,,
2023-05-05,11.4304057003638,,
2023-05-06,11.418339194811978,,
2023-05-07,11.406890140718627,,
2023-05-08,11.396058538083748,,
2023-05-09,11.38584438690734,,
2023-05-10,11.376247687189405,,
2023-05-11,11.367268438929946,,
2023-05-12,11.358906642128957,,
2023-05-13,11.351162296786438,,
2023-05-14,11.344035402902392,,
2023-05-15,11.337525960476821,,
2023-05-16,11.331511858916565,,
2023-05-17,11.325260434662715,,
2023-05-18,11.318649577122114,,
2023-05-19,11.311679286294764,,
2023-05-20,11.304349562180661,,
2023-05-21,11.296660404779805,,
2023-05-22,11.288611814092201,,
2023-05-23,11.280203790117849,,
2023-05-24,11.271436332856743,,
2023-05-25,11.262309442308888,,
2023-05-26,11.252823118474282,,
2023-05-27,11.242977361352928,,
2023-05-28,11.232772170944822,,
2023-05-29,11.222207547249964,,
2023-05-30,11.211283490268356,,
2023-05-31,11.2,,
2023-06-01,11.18835707644489,,
2023-06-02,11.176354719603033,,
2023-06-03,11.163992929474425,,
2023-06-04,11.151271706059063,,
2023-06-05,11.138191049356951,,
2023-06-06,11.124750959368093,,
2023-06-07,11.11095143609248,,
2023-06-08,11.09679247953012,,
2023-06-09,11.082274089681007,,
2023-06-10,11.067396266545144,,
2023-06-11,11.05215901012253,,
2023-06-12,11.036562320413168,,
2023-06-13,11.020606197417054,,
2023-06-14,11.00429064113419,,
2023-06-15,10.987615651564575,,
2023-06-16,10.971495189536608,,
2023-06-17,10.956843215878688,,
2023-06-18,10.943659730590817,,
2023-06-19,10.93194473367299,,
2023-06-20,10.92169822512521,,
2023-06-21,10.91292020494748,,
2023-06-22,10.905610673139794,,
2023-06-23,10.899769629702154,,
2023-06-24,10.895397074634563,,
2023-06-25,10.89249300793702,,
2023-06-26,10.891057429609521,,
2023-06-27,10.891090339652072,,
2023-06-28,10.892591738064667,,
2023-06-29,10.895561624847307,,
2023-06-30,10.9,,
2023-07-01,10.905906863522736,,
2023-07-02,10.91328221541552,,
2023-07-03,10.922126055678351,,
2023-07-04,10.93243838431123,,
2023-07-05,10.944219201314153,,
2023-07-06,10.957468506687125,,
2023-07-07,10.972186300430142,,
2023-07-08,10.988372582543207,,
2023-07-09,11.00602735302632,,
2023-07-10,11.025150611879475,,
2023-07-11,11.045742359102684,,
2023-07-12,11.067802594695937,,
2023-07-13,11.091331318659236,,
2023-07-14,11.116328530992583,,
2023-07-15,11.142794231695976,,
2023-07-16,11.170347609259245,,
2023-07-17,11.196703794621344,,
2023-07-18,11.221481976272104,,
2023-07-19,11.244682154211525,,
2023-07-20,11.266304328439604,,
2023-07-21,11.286348498956341,,
2023-07-22,11.304814665761738,,
2023-07-23,11.321702828855797,,
2023-07-24,11.337012988238513,,
2023-07-25,11.350745143909888,,
2023-07-26,11.362899295869926,,
2023-07-27,11.37347544411862,,
2023-07-28,11.382473588655975,,
2023-07-29,11.389893729481994,,
2023-07-30,11.395735866596668,,
2023-07-31,11.4,,
2023-08-01,11.402686129691995,,
2023-08-02,11.403794255672647,,
2023-08-03,11.403324377941958,,
2023-08-04,11.40127649649993,,
2023-08-05,11.397650611346565,,
2023-08-06,11.392446722481854,,
2023-08-07,11.385664829905807,,
2023-08-08,11.377304933618417,,
2023-08-09,11.367367033619686,,
2023-08-10,11.355851129909615,,
2023-08-11,11.342757222488206,,
2023-08-12,11.328085311355455,,
2023-08-13,11.311835396511363,,
2023-08-14,11.29400747795593,,
2023-08-15,11.27460155568916,,
2023-08-16,11.25398235573115,,
2023-08-17,11.234338234202541,,
2023-08-18,11.216033917123438,,
2023-08-19,11.199069404493839,,
2023-08-20,11.183444696313744,,
2023-08-21,11.169159792583152,,
2023-08-22,11.156214693302068,,
2023-08-23,11.144609398470486,,
2023-08-24,11.13434390808841,,
2023-08-25,11.125418222155837,,
2023-08-26,11.11783234067277,,
2023-08-27,11.111586263639204,,
2023-08-28,11.106679991055149,,
2023-08-29,11.103113522920593,,
2023-08-30,11.100886859235544,,
2023-08-31,11.1,,
2023-09-01,11.100452945213956,,
2023-09-02,11.102245694877421,,
2023-09-03,11.10537824899039,,
2023-09-04,11.109850607552861,,
2023-09-05,11.11566277056484,,
2023-09-06,11.122814738026321,,
2023-09-07,11.131306509937307,,
2023-09-08,11.141138086297799,,
2023-09-09,11.152309467107793,,
2023-09-10,11.164820652367293,,
2023-09-11,11.178671642076297,,
2023-09-12,11.193862436234804,,
2023-09-13,11.210393034842818,,
2023-09-14,11.228263437900338,,
2023-09-15,11.247473645407359,,
2023-09-16,11.267150753844092,,
2023-09-17,11.286421859690748,,
2023-09-18,11.30528696294732,,
2023-09-19,11.323746063613818,,
2023-09-20,11.341799161690233,,
2023-09-21,11.35944625717657,,
2023-09-22,11.376687350072825,,
2023-09-23,11.393522440379002,,
2023-09-24,11.409951528095098,,
2023-09-25,11.425974613221115,,
2023-09-26,11.441591695757051,,
2023-09-27,11.45680277570291,,
2023-09-28,11.471607853058686,,
2023-09-29,11.48600692782438,,
2023-09-30,11.5,,
2023-10-01,11.51358706958554,,
2023-10-02,11.526768136580996,,
2023-10-03,11.539543200986376,,
2023-10-04,11.551912262801672,,
2023-10-05,11.563875322026892,,
2023-10-06,11.575432378662033,,
2023-10-07,11.58658343270709,,
2023-10-08,11.59732848416207,,
2023-10-09,11.60766753302697,,
2023-10-10,11.61760057930179,,
2023-10-11,11.627127622986531,,
2023-10-12,11.636248664081192,,
2023-10-13,11.644963702585772,,
2023-10-14,11.653272738500272,,
2023-10-15,11.661175771824695,,
2023-10-16,11.668743137675827,,
2023-10-17,11.67639684675441,,
2023-10-18,11.684207234177235,,
2023-10-19,11.692174299944304,,
2023-10-20,11.700298044055613,,
2023-10-21,11.708578466511163,,
2023-10-22,11.717015567310959,,
2023-10-23,11.725609346454995,,
2023-10-24,11.734359803943272,,
2023-10-25,11.743266939775793,,
2023-10-26,11.752330753952554,,
2023-10-27,11.76155124647356,,
2023-10-28,11.770928417338807,,
2023-10-29,11.780462266548296,,
2023-10-30,11.790152794102028,,
2023-10-31,11.8,,
2023-11-01,11.810003884242214,,
2023-11-02,11.820164446828672,,
2023-11-03,11.830481687759374,,
2023-11-04,11.840955607034314,,
2023-11-05,11.851586204653497,,
2023-11-06,11.862373480616924,,
2023-11-07,11.87331743492459,,
2023-11-08,11.884418067576501,,
2023-11-09,11.895675378572653,,
2023-11-10,11.907089367913045,,
2023-11-11,11.918660035597682,,
2023-11-12,11.930387381626561,,
2023-11-13,11.942271405999684,,
2023-11-14,11.954312108717044,,
2023-11-15,11.96650948977865,,
2023-11-16,11.979004564264445,,
2023-11-17,11.991938347254376,,
2023-11-18,12.005310838748445,,
2023-11-19,12.019122038746652,,
2023-11-20,12.033371947248996,,
2023-11-21,12.04806056425548,,
2023-11-22,12.063187889766098,,
2023-11-23,12.078753923780853,,
2023-11-24,12.094758666299747,,
2023-11-25,12.11120211732278,,
2023-11-26,12.128084276849947,,
2023-11-27,12.145405144881256,,
2023-11-28,12.163164721416697,,
2023-11-29,12.181363006456277,,
2023-11-30,12.2,,
2023-12-01,12.219075702047855,,
2023-12-02,12.238590112599848,,
2023-12-03,12.25854323165598,,
2023-12-04,12.278935059216247,,
2023-12-05,12.299765595280654,,
2023-12-06,12.321034839849197,,
2023-12-07,12.342742792921875,,
2023-12-08,12.364889454498696,,
2023-12-09,12.387474824579652,,
2023-12-10,12.410498903164743,,
2023-12-11,12.433961690253975,,
2023-12-12,12.457863185847343,,
2023-12-13,12.482203389944848,,
2023-12-14,12.50698230254649,,
2023-12-15,12.532199923652271,,
2023-12-16,12.557652979362183,,
2023-12-17,12.582121826276177,,
2023-12-18,12.605403190494247,,
2023-12-19,12.62749707201639,,
2023-12-20,12.64840347084261,,
2023-12-21,12.668122386972904,,
2023-12-22,12.686653820407274,,
2023-12-23,12.703997771145719,,
2023-12-24,12.720154239188242,,
2023-12-25,12.735123224534838,,
2023-12-26,12.74890472718551,,
2023-12-27,12.761498747140255,,
2023-12-28,12.77290528439908,,
2023-12-29,12.783124338961978,,
2023-12-30,12.792155910828953,,
2023-12-31,12.8,,
2024-01-01,12.806656606475126,,
2024-01-02,12.812125730254326,,
2024-01-03,12.816407371337599,,
2024-01-04,12.819501529724953,,
2024-01-05,12.82140820541638,,
2024-01-06,12.82212739841188,,
2024-01-07,12.821659108711454,,
2024-01-08,12.820003336315107,,
2024-01-09,12.817160081222838,,
2024-01-10,12.813129343434642,,
2024-01-11,12.80791112295052,,
2024-01-12,12.801505419770475,,
2024-01-13,12.793912233894504,,
2024-01-14,12.785131565322608,,
2024-01-15,12.775163414054788,,
2024-01-16,12.764159522705901,,
2024-01-17,12.753030346965076,,
2024-01-18,12.741927629447167,,
2024-01-19,12.73085137015218,,
2024-01-20,12.719801569080111,,
2024-01-21,12.708778226230962,,
2024-01-22,12.697781341604731,,
2024-01-23,12.68681091520142,,
2024-01-24,12.675866947021024,,
2024-01-25,12.66494943706355,,
2024-01-26,12.654058385328995,,
2024-01-27,12.643193791817358,,
2024-01-28,12.63235565652864,,
2024-01-29,12.62154397946284,,
2024-01-30,12.610758760619959,,
2024-01-31,12.6,,
2024-02-01,12.589267697602956,,
2024-02-02,12.578561853428832,,
2024-02-03,12.567882467477627,,
2024-02-04,12.557229539749342,,
2024-02-05,12.546603070243975,,
2024-02-06,12.536003058961525,,
2024-02-07,12.525429505901993,,
2024-02-08,12.514882411065384,,
2024-02-09,12.504361774451692,,
2024-02-10,12.49386759606092,,
2024-02-11,12.483399875893063,,
2024-02-12,12.472958613948126,,
2024-02-13,12.46254381022611,,
2024-02-14,12.452155464727014,,
2024-02-15,12.441913071780213,,
2024-02-16,12.432533597362,,
2024-02-17,12.42413653580175,,
2024-02-18,12.416721887099465,,
2024-02-19,12.410289651255146,,
2024-02-20,12.40483982826879,,
2024-02-21,12.4003724181404,,
2024-02-22,12.396887420869973,,
2024-02-23,12.39438483645751,,
2024-02-24,12.392864664903012,,
2024-02-25,12.392326906206483,,
2024-02-26,12.392771560367912,,
2024-02-27,12.394198627387311,,
2024-02-28,12.396608107264672,,
2024-02-29,12.4,,
2024-03-01,12.40437430559329,,
2024-03-02,12.409731024044547,,
2024-03-03,12.416070155353765,,
2024-03-04,12.423391699520952,,
2024-03-05,12.431695656546102,,
2024-03-06,12.440982026429218,,
2024-03-07,12.451250809170293,,
2024-03-08,12.462502004769338,,
2024-03-09,12.474735613226345,,
2024-03-10,12.487951634541322,,
2024-03-11,12.502150068714258,,
2024-03-12,12.517330915745159,,
2024-03-13,12.53349417563403,,
2024-03-14,12.550639848380861,,
2024-03-15,12.568767933985658,,
2024-03-16,12.587574139573968,,
2024-03-17,12.6052327078991,,
2024-03-18,12.621439346086605,,
2024-03-19,12.636194054136483,,
2024-03-20,12.649496832048731,,
2024-03-21,12.661347679823352,,
2024-03-22,12.671746597460343,,
2024-03-23,12.680693584959707,,
2024-03-24,12.68818864232144,,
2024-03-25,12.694231769545553,,
2024-03-26,12.698822966632028,,
2024-03-27,12.701962233580879,,
2024-03-28,12.7036495703921,,
2024-03-29,12.703884977065695,,
2024-03-30,12.70266845360166,,
2024-03-31,12.7,,
2024-04-01,12.695879616260708,,
2024-04-02,12.690307302383788,,
2024-04-03,12.683283058369243,,
2024-04-04,12.674806884217066,,
2024-04-05,12.664878779927262,,
2024-04-06,12.65349874549983,,
2024-04-07,12.64066678093477,,
2024-04-08,12.626382886232081,,
2024-04-09,12.610647061391765,,
2024-04-10,12.59345930641382,,
2024-04-11,12.574819621298246,,
2024-04-12,12.554728006045044,,
2024-04-13,12.533184460654216,,
2024-04-14,12.510188985125758,,
2024-04-15,12.485741579459672,,
2024-04-16,12.460532026420612,,
2024-04-17,12.435250108773229,,
2024-04-18,12.409895826517523,,
2024-04-19,12.384469179653498,,
2024-04-20,12.35897016818115,,
2024-04-21,12.333398792100484,,
2024-04-22,12.307755051411494,,
2024-04-23,12.28203894611418,,
2024-04-24,12.256250476208548,,
2024-04-25,12.230389641694593,,
2024-04-26,12.204456442572317,,
2024-04-27,12.178450878841723,,
2024-04-28,12.152372950502803,,
2024-04-29,12.126222657555559,,
2024-04-30,12.1,,
2024-05-01,12.073704977836115,,
2024-05-02,12.04733759106391,,
2024-05-03,12.020897839683384,,
2024-05-04,11.994385723694535,,
2024-05-05,11.967801243097366,,
2024-05-06,11.941144397891875,,
2024-05-07,11.914415188078063,,
2024-05-08,11.88761361365593,,
2024-05-09,11.860739674625474,,
2024-05-10,11.833793370986696,,
2024-05-11,11.8067747027396,,
2024-05-12,11.779683669884182,,
2024-05-13,11.752520272420439,,
2024-05-14,11.725284510348375,,
2024-05-15,11.697976383667992,,
2024-05-16,11.670750726125332,,
2024-05-17,11.644536540196668,,
2024-05-18,11.619488659628052,,
2024-05-19,11.595607084419477,,
2024-05-20,11.572891814570946,,
2024-05-21,11.551342850082458,,
2024-05-22,11.530960190954017,,
2024-05-23,11.511743837185618,,
2024-05-24,11.493693788777263,,
2024-05-25,11.47681004572895,,
2024-05-26,11.46109260804068,,
2024-05-27,11.446541475712458,,
2024-05-28,11.433156648744278,,
2024-05-29,11.420938127136141,,
2024-05-30,11.409885910888049,,
2024-05-31,11.4,,
2024-06-01,11.391280394471993,,
2024-06-02,11.383727094304032,,
2024-06-03,11.377340099496115,,
2024-06-04,11.372119410048239,,
2024-06-05,11.36806502596041,,
2024-06-06,11.365176947232625,,
2024-06-07,11.36345517386488,,
2024-06-08,11.362899705857181,,
2024-06-09,11.363510543209527,,
2024-06-10,11.365287685921913,,
2024-06-11,11.368231133994346,,
2024-06-12,11.372340887426823,,
2024-06-13,11.377616946219343,,
2024-06-14,11.384059310371907,,
2024-06-15,11.391667979884513,,
2024-06-16,11.399795156242591,,
2024-06-17,11.407793040931569,,
2024-06-18,11.415661633951444,,
2024-06-19,11.423400935302215,,
2024-06-20,11.431010944983887,,
2024-06-21,11.438491662996457,,
2024-06-22,11.445843089339924,,
2024-06-23,11.453065224014289,,
2024-06-24,11.460158067019554,,
2024-06-25,11.467121618355717,,
2024-06-26,11.473955878022776,,
2024-06-27,11.480660846020736,,
2024-06-28,11.487236522349594,,
2024-06-29,11.493682907009346,,
2024-06-30,11.5,,
2024-07-01,11.506187801321552,,
2024-07-02,11.512246310974001,,
2024-07-03,11.51817552895735,,
2024-07-04,11.523975455271595,,
2024-07-05,11.529646089916739,,
2024-07-06,11.53518743289278,,
2024-07-07,11.54059948419972,,
2024-07-08,11.54588224383756,,
2024-07-09,11.5510357118063,,
2024-07-10,11.556059888105931,,
2024-07-11,11.560954772736467,,
2024-07-12,11.565720365697898,,
2024-07-13,11.570356666990229,,
2024-07-14,11.574863676613457,,
2024-07-15,11.579241394567582,,
2024-07-16,11.583456833116049,,
2024-07-17,11.587312065839477,,
2024-07-18,11.59077410500131,,
2024-07-19,11.59384295060155,,
2024-07-20,11.596518602640193,,
2024-07-21,11.598801061117241,,
2024-07-22,11.600690326032696,,
2024-07-23,11.602186397386555,,
2024-07-24,11.60328927517882,,
2024-07-25,11.603998959409486,,
2024-07-26,11.60431545007856,,
2024-07-27,11.604238747186036,,
2024-07-28,11.60376885073192,,
2024-07-29,11.602905760716208,,
2024-07-30,11.601649477138903,,
2024-07-31,11.6,,
2024-08-01,11.597957329299502,,
2024-08-02,11.595521465037407,,
2024-08-03,11.592692407213718,,
2024-08-04,11.589470155828435,,
2024-08-05,11.58585471088156,,
2024-08-06,11.581846072373084,,
2024-08-07,11.577444240303018,,
2024-08-08,11.572649214671355,,
2024-08-09,11.567460995478093,,
2024-08-10,11.56187958272324,,
2024-08-11,11.55590497640679,,
2024-08-12,11.549537176528746,,
2024-08-13,11.542776183089106,,
2024-08-14,11.535621996087873,,
2024-08-15,11.528074615525043,,
2024-08-16,11.520286130680384,,
2024-08-17,11.513169077232508,,
2024-08-18,11.506875544461185,,
2024-08-19,11.501405532366409,,
2024-08-20,11.496759040948184,,
2024-08-21,11.492936070206506,,
2024-08-22,11.489936620141384,,
2024-08-23,11.487760690752808,,
2024-08-24,11.486408282040783,,
2024-08-25,11.485879394005305,,
2024-08-26,11.486174026646381,,
2024-08-27,11.487292179964005,,
2024-08-28,11.48923385395818,,
2024-08-29,11.491999048628902,,
2024-08-30,11.495587763976175,,
2024-08-31,11.5,,
2024-09-01,11.50523575670037,,
2024-09-02,11.511295034077298,,
2024-09-03,11.51817783213077,,
2024-09-04,11.525884150860792,,
2024-09-05,11.534413990267367,,
2024-09-06,11.543767350350489,,
2024-09-07,11.553944231110162,,
2024-09-08,11.564944632546384,,
2024-09-09,11.576768554659157,,
2024-09-10,11.589415997448477,,
2024-09-11,11.60288696091435,,
2024-09-12,11.617181445056772,,
2024-09-13,11.632299449875745,,
2024-09-14,11.648240975371266,,
2024-09-15,11.665006021543338,,
2024-09-16,11.681637680857248,,
2024-09-17,11.697179045778281,,
2024-09-18,11.711630116306436,,
2024-09-19,11.724990892441717,,
2024-09-20,11.737261374184122,,
2024-09-21,11.748441561533651,,
2024-09-22,11.758531454490306,,
2024-09-23,11.767531053054084,,
2024-09-24,11.775440357224985,,
2024-09-25,11.782259367003011,,
2024-09-26,11.787988082388159,,
2024-09-27,11.792626503380434,,
2024-09-28,11.796174629979832,,
2024-09-29,11.798632462186353,,
2024-09-30,11.8,,
2024-10-01,11.800277243420771,,
2024-10-02,11.799464192448664,,
2024-10-03,11.797560847083682,,
2024-10-04,11.794567207325825,,
2024-10-05,11.790483273175091,,
2024-10-06,11.785309044631482,,
2024-10-07,11.779044521694995,,
2024-10-08,11.771689704365635,,
2024-10-09,11.763244592643398,,
2024-10-10,11.753709186528283,,
2024-10-11,11.743083486020296,,
2024-10-12,11.731367491119432,,
2024-10-13,11.71856120182569,,
2024-10-14,11.704664618139073,,
2024-10-15,11.689677740059581,,
2024-10-16,11.673973588265723,,
2024-10-17,11.659790286828544,,
2024-10-18,11.647500856426563,,
2024-10-19,11.637105297059772,,
2024-10-20,11.628603608728177,,
2024-10-21,11.62199579143177,,
2024-10-22,11.617281845170558,,
2024-10-23,11.61446176994454,,
2024-10-24,11.613535565753713,,
2024-10-25,11.614503232598082,,
2024-10-26,11.617364770477641,,
2024-10-27,11.622120179392393,,
2024-10-28,11.62876945934234,,
2024-10-29,11.637312610327477,,
2024-10-30,11.647749632347807,,
2024-10-31,11.660080525403332,11.336390381047373,11.983770669759291
2024-11-01,11.674305289494047,11.37626346863776,12.0240840556337
2024-11-02,11.690423924619955,11.415468428665262,12.063739356274255
2024-11-03,11.70843643078106,11.454005261129891,12.102736571680952
2024-11-04,11.728342807977354,11.491873966031639,12.141075701853795
2024-11-05,11.750143056208838,11.529074543370509,12.17875674679278
2024-11-06,11.77383717547552,11.5656069931465,12.21577970649791
2024-11-07,11.799425165777395,11.601471315359614,12.252144580969183
2024-11-08,11.82690702711446,11.636667510009847,12.287851370206601
2024-11-09,11.856282759486719,11.671195577097205,12.322900074210164
2024-11-10,11.88755236289417,11.705055516621682,12.35729069297987
2024-11-11,11.920715837336815,11.73824732858328,12.391023226515719
2024-11-12,11.955773182814651,11.770771012982003,12.424097674817716
2024-11-13,11.992724399327681,11.802626569817841,12.456514037885851
2024-11-14,12.031569486875904,11.833813999090804,12.488272315720135
2024-11-15,12.07230844545932,11.86433330080089,12.519372508320561
2024-11-16,12.113446915058603,11.894184474948096,12.549814615687133
2024-11-17,12.153490535654429,11.923367521532422,12.579598637819846
2024-11-18,12.192439307246795,11.951882440553872,12.608724574718705
2024-11-19,12.230293229835706,11.979729232012444,12.63719242638371
2024-11-20,12.267052303421156,12.006907895908135,12.665002192814852
2024-11-21,12.302716528003149,12.033418432240948,12.692153874012144
2024-11-22,12.337285903581687,12.059260841010884,12.71864746997558
2024-11-23,12.370760430156762,12.08443512221794,12.744482980705156
2024-11-24,12.403140107728383,12.108941275862117,12.76966040620088
2024-11-25,12.434424936296544,12.132779301943415,12.79417974646275
2024-11-26,12.464614915861247,12.155949200461837,12.818041001490757
2024-11-27,12.493710046422496,12.178450971417378,12.841244171284911
2024-11-28,12.521710327980282,12.200284614810043,12.86378925584521
2024-11-29,12.548615760534611,12.221450130639827,12.885676255171653
2024-11-30,12.574426344085488,12.241947518906734,12.906905169264242
2024-12-01,12.599142078632902,12.26177677961076,12.927475998122972
2024-12-02,12.622762964176857,12.280937912751911,12.947388741747847
2024-12-03,12.645289000717355,12.29943091833018,12.966643400138866
2024-12-04,12.666720188254395,12.317255796345576,12.98523997329603
2024-12-05,12.687056526787979,12.334412546798088,13.003178461219338
2024-12-06,12.706298016318103,12.350901169687722,13.020458863908788
2024-12-07,12.724444656844772,12.36672166501448,13.037081181364384
2024-12-08,12.74149644836798,12.381874032778356,13.053045413586121
2024-12-09,12.757453390887733,12.396358272979358,13.068351560574007
2024-12-10,12.772315484404025,12.410174385617477,13.082999622328032
2024-12-11,12.78608272891686,12.42332237069272,13.096989598848204
2024-12-12,12.79875512442624,12.435802228205084,13.11032149013452
2024-12-13,12.810332670932159,12.44761395815457,13.12299529618698
2024-12-14,12.82081536843462,12.458757560541176,13.135011017005585
2024-12-15,12.830203216933624,12.469233035364905,13.146368652590333
2024-12-16,12.838590462869458,12.479065150758167,13.157105447088716
2024-12-17,12.846542584883835,12.488402515515437,13.167444865385702
2024-12-18,12.854153829417042,12.497269897769128,13.17742415162878
2024-12-19,12.861424196469082,12.50566729751924,13.18704330581795
2024-12-20,12.868353686039947,12.51359471476577,13.19630232795321
2024-12-21,12.874942298129646,12.521052149508726,13.205201218034567
2024-12-22,12.881190032738175,12.5280396017481,13.213739976062016
2024-12-23,12.887096889865536,12.534557071483892,13.221918602035556
2024-12-24,12.892662869511724,12.54060455871611,13.229737095955189
2024-12-25,12.897887971676745,12.546182063444746,13.237195457820915
2024-12-26,12.902772196360598,12.551289585669803,13.244293687632737
2024-12-27,12.907315543563278,12.555927125391278,13.251031785390646
2024-12-28,12.911518013284791,12.560094682609177,13.257409751094652
2024-12-29,12.915379605525136,12.563792257323497,13.263427584744752
2024-12-30,12.918900320284305,12.567019849534233,13.26908528634094
2024-12-31,12.92208015756231,12.569777459241394,13.274382855883225
2025-01-01,12.924919117359146,12.572065086444976,13.279320293371601
2025-01-02,12.927417199674808,12.573882731144979,13.283897598806067
2025-01-03,12.929574404509305,12.5752303933414,13.288114772186628
2025-01-04,12.93139073186263,12.576108073034241,13.291971813513284
2025-01-05,12.932866181734786,12.576515770223507,13.295468722786032
2025-01-06,12.934000754125773,12.576453484909191,13.298605500004872
2025-01-07,12.93479444903559,12.575921217091294,13.301382145169805
2025-01-08,12.935247266464238,12.57491896676982,13.30379865828083
2025-01-09,12.935359206411716,12.573446733944767,13.305855039337946
2025-01-10,12.935130268878023,12.571504518616134,13.307551288341157
2025-01-11,12.934560453863163,12.569092320783922,13.308887405290461
2025-01-12,12.933649761367132,12.56621014044813,13.309863390185857
2025-01-13,12.932398191389932,12.562857977608758,13.310479243027347
2025-01-14,12.930805743931563,12.559035832265808,13.310734963814927
2025-01-15,12.928872418992025,12.554743704419277,13.310630552548602
2025-01-16,12.926687405753828,12.550096318305588,13.310251542351455
2025-01-17,12.924785839312056,12.545782019343255,13.310111131962021
2025-01-18,12.92325690884922,12.541915531768701,13.310294854503386
2025-01-19,12.922100614365318,12.538496855581924,13.31080270997555
2025-01-20,12.921316955860355,12.535525990782924,13.31163469837851
2025-01-21,12.920905933334323,12.533002937371702,13.312790819712268
2025-01-22,12.920867546787232,12.530927695348257,13.314271073976828
2025-01-23,12.921201796219075,12.52930026471259,13.316075461172186
2025-01-24,12.921908681629855,12.5281206454647,13.31820398129834
2025-01-25,12.922988203019566,12.527388837604585,13.320656634355291
2025-01-26,12.924440360388216,12.527104841132248,13.323433420343045
2025-01-27,12.9262651537358,12.527268656047688,13.326534339261594
2025-01-28,12.928462583062323,12.527880282350907,13.329959391110945
2025-01-29,12.93103264836778,12.528939720041901,13.333708575891091
2025-01-30,12.933975349652172,12.530446969120675,13.337781893602036
2025-01-31,12.9372906869155,12.532402029587221,13.342179344243778
2025-02-01,12.940978660157764,12.53480490144155,13.346900927816321
2025-02-02,12.945039269378963,12.537655584683655,13.351946644319662
2025-02-03,12.949472514579101,12.540954079313535,13.357316493753803
2025-02-04,12.954278395758173,12.544700385331197,13.363010476118742
2025-02-05,12.959456912916178,12.548894502736626,13.369028591414475
2025-02-06,12.965008066053121,12.55353643152984,13.375370839641011
2025-02-07,12.970931855169,12.55862617171083,13.382037220798342
2025-02-08,12.97722828026382,12.5641637232796,13.389027734886476
2025-02-09,12.983897341337567,12.570149086236146,13.396342381905406
2025-02-10,12.990939038390255,12.576582260580466,13.403981161855134
2025-02-11,12.998353371421878,12.583463246312565,13.411944074735661
2025-02-12,13.006140340432434,12.590792043432442,13.420231120546985
2025-02-13,13.014299945421929,12.598568651940095,13.428842299289109
2025-02-14,13.02283218639036,12.606793071835526,13.437777610962033
2025-02-15,13.031374043687801,12.615055931070051,13.446704876055753
2025-02-16,13.03956249766433,12.622947857594987,13.455291915060272
2025-02-17,13.047397548319946,12.630468851410336,13.463538727975587
2025-02-18,13.05487919565465,12.637618912516096,13.471445314801697
2025-02-19,13.062007439668443,12.644398040912268,13.479011675538612
2025-02-20,13.068782280361324,12.650806236598852,13.48623781018632
2025-02-21,13.07520371773329,12.656843499575844,13.493123718744826
2025-02-22,13.081271751784346,12.66250982984325,13.499669401214131
2025-02-23,13.086986382514489,12.667805227401068,13.505874857594234
2025-02-24,13.092347609923722,12.6727296922493,13.511740087885137
2025-02-25,13.097355434012039,12.677283224387939,13.51726509208683
2025-02-26,13.102009854779446,12.681465823816989,13.522449870199328
2025-02-27,13.106310872225938,12.685277490536453,13.52729442222262
2025-02-28,13.11025848635152,12.68871822454633,13.531798748156712
2025-03-01,13.11385269715619,12.691788025846614,13.535962848001601
2025-03-02,13.11709350463995,12.694486894437315,13.539786721757288
2025-03-03,13.119980908802791,12.696814830318424,13.543270369423771
2025-03-04,13.122514909644726,12.698771833489944,13.546413791001054
2025-03-05,13.124695507165747,12.700357903951879,13.549216986489132
2025-03-06,13.126522701365854,12.70157304170422,13.55167995588801
2025-03-07,13.127996492245053,12.702417246746979,13.553802699197687
2025-03-08,13.129116879803336,12.702890519080148,13.55558521641816
2025-03-09,13.129883864040707,12.702992858703723,13.557027507549432
2025-03-10,13.130297444957165,12.702724265617716,13.558129572591497
2025-03-11,13.13035762255271,12.702084739822117,13.558891411544362
2025-03-12,13.130064396827347,12.701074281316933,13.559313024408029
2025-03-13,13.129417767781067,12.699692890102156,13.559394411182488
2025-03-14,13.128417735413878,12.697940566177794,13.559135571867749
2025-03-15,13.127064299725774,12.69581730954384,13.558536506463806
2025-03-16,13.125269911412245,12.69323674493322,13.55750913042931
2025-03-17,13.122509274646156,12.689680620743422,13.555524936516122
2025-03-18,13.118694840122997,12.685062561707369,13.552495840182896
2025-03-19,13.113826607842766,12.679382567825064,13.548421841429635
2025-03-20,13.107904577805463,12.672640639096498,13.54330294025633
2025-03-21,13.100928750011088,12.664836775521678,13.537139136662987
2025-03-22,13.092899124459642,12.655970977100601,13.529930430649603
2025-03-23,13.083815701151122,12.646043243833269,13.521676822216177
2025-03-24,13.07367848008553,12.635053575719677,13.512378311362715
2025-03-25,13.062487461262869,12.623001972759836,13.502034898089214
2025-03-26,13.05024264468313,12.609888434953731,13.490646582395668
2025-03-27,13.036944030346325,12.595712962301377,13.478213364282087
2025-03-28,13.022591618252447,12.580475554802764,13.464735243748464
2025-03-29,13.007185408401496,12.564176212457895,13.450212220794803
2025-03-30,12.990725400793472,12.546814935266774,13.434644295421103
2025-03-31,12.973211595428378,12.528391723229392,13.418031467627364
2025-04-01,12.954643992306208,12.508906576345753,13.40037373741358
2025-04-02,12.93502259142697,12.488359494615862,13.381671104779757
2025-04-03,12.91434739279066,12.466750478039714,13.3619235697259
2025-04-04,12.892618396397273,12.444079526617307,13.341131132251995
2025-04-05,12.869835602246818,12.420346640348646,13.319293792358057
2025-04-06,12.84599901033929,12.395551819233727,13.296411550044073
2025-04-07,12.821108620674691,12.369695063272554,13.272484405310056
2025-04-08,12.79516443325302,12.342776372465128,13.247512358155996
2025-04-09,12.768166448074275,12.314795746811441,13.221495408581896
2025-04-10,12.74011466513846,12.2857531863115,13.194433556587757
2025-04-11,12.711009084445571,12.255648690965302,13.166326802173579
2025-04-12,12.68084970599561,12.224482260772849,13.13717514533936
2025-04-13,12.64963652978858,12.192253895734138,13.1069785860851
2025-04-14,12.617369555824475,12.158963595849174,13.075737124410804
2025-04-15,12.584048784103299,12.124611361117953,13.043450760316466
2025-04-16,12.550782463791174,12.0903180407452,13.011214699764183
2025-04-17,12.518678844054227,12.057204483935639,12.980124148716051
2025-04-18,12.487737924892457,12.025270690689274,12.950179107172069
2025-04-19,12.457959706305864,11.994516661006102,12.921379575132237
2025-04-20,12.429344188294447,11.964942394886123,12.893725552596555
2025-04-21,12.40189137085821,11.93654789232934,12.867217039565027
2025-04-22,12.375601253997147,11.909333153335748,12.841854036037647
2025-04-23,12.35047383771126,11.88329817790535,12.81763654201442
2025-04-24,12.32650912200055,11.85844296603815,12.794564557495342
2025-04-25,12.303707106865017,11.834767517734138,12.772638082480412
2025-04-26,12.282067792304662,11.812271832993321,12.751857116969635
2025-04-27,12.261591178319485,11.790955911815697,12.732221660963008
2025-04-28,12.242277264909482,11.770819754201266,12.713731714460533
2025-04-29,12.22412605207466,11.751863360150033,12.696387277462208
2025-04-30,12.207137539815012,11.73408672966199,12.680188349968033
2025-05-01,12.19131172813054,11.717489862737139,12.665134931978006
2025-05-02,12.176648617021243,11.702072759375483,12.651227023492131
2025-05-03,12.16314820648713,11.687835419577024,12.63846462451041
2025-05-04,12.150810496528186,11.674777843341754,12.626847735032836
2025-05-05,12.139635487144421,11.66290003066968,12.616376355059414
2025-05-06,12.129623178335837,11.6522019815608,12.607050484590143
2025-05-07,12.120773570102427,11.64268369601511,12.59887012362502
2025-05-08,12.113086662444193,11.634345174032617,12.59183527216405
2025-05-09,12.106562455361136,11.627186415613318,12.585945930207227
2025-05-10,12.101200948853254,11.62120742075721,12.581202097754558
2025-05-11,12.097002142920555,11.616408189464298,12.57760377480604
2025-05-12,12.093966037563028,11.61278872173458,12.575150961361672
2025-05-13,12.092092632780679,11.610349017568055,12.573843657421452
2025-05-14,12.091381928573506,11.609089076964722,12.573681862985385
2025-05-15,12.091833924941511,11.609008899924584,12.57466557805347
2025-05-16,12.093250169137837,11.609906972844476,12.576599429534863
2025-05-17,12.094439944681337,11.610574214105418,12.578311178884539
2025-05-18,12.095204798825165,11.610809110104247,12.57960545301166
2025-05-19,12.095544731569312,11.610611660840966,12.580482251916223
2025-05-20,12.095459742913782,11.60998186631557,12.58094157559823
2025-05-21,12.09494983285857,11.608919726528061,12.580983424057678
2025-05-22,12.094015001403683,11.607425241478442,12.58060779729457
2025-05-23,12.092655248549116,11.60549841116671,12.579814695308906
2025-05-24,12.090870574294875,11.603139235592867,12.578604118100685
2025-05-25,12.088660978640952,11.60034771475691,12.576976065669909
2025-05-26,12.086026461587352,11.597123848658839,12.574930538016572
2025-05-27,12.082967023134072,11.593467637298655,12.572467535140683
2025-05-28,12.079482663281118,11.589379080676363,12.569587057042238
2025-05-29,12.07557338202848,11.584858178791954,12.566289103721232
2025-05-30,12.071239179376168,11.579904931645434,12.562573675177669
2025-05-31,12.066480055324178,11.574519339236803,12.558440771411552
2025-06-01,12.061296009872507,11.568701401566056,12.553890392422876
2025-06-02,12.055687043021159,11.562451118633199,12.548922538211645
2025-06-03,12.049653154770136,11.55576849043823,12.543537208777858
2025-06-04,12.043194345119431,11.548653516981148,12.537734404121512
2025-06-05,12.036310614069048,11.54110619826195,12.53151412424261
2025-06-06,12.029001961618988,11.533126534280644,12.524876369141152
2025-06-07,12.02126838776925,11.524714525037224,12.517821138817135
2025-06-08,12.013109892519834,11.515870170531691,12.510348433270565
2025-06-09,12.00452647587074,11.506593470764047,12.502458252501434
2025-06-10,11.995518137821964,11.496884425734288,12.494150596509748
2025-06-11,11.986084878373514,11.48674303544242,12.485425465295506
2025-06-12,11.976226697525384,11.476169299888436,12.476282858858706
2025-06-13,11.96594359527758,11.465163219072341,12.466722777199351
2025-06-14,11.955235571630093,11.453724792994134,12.456745220317437
2025-06-15,11.944102626582929,11.441854021653814,12.446350188212968
2025-06-16,11.933077671125625,11.430088217862806,12.436066177012673
2025-06-17,11.922693616247713,11.418964694432539,12.426421682843277
2025-06-18,11.912950461949196,11.408483451363011,12.417416705704783
2025-06-19,11.903848208230073,11.398644488654222,12.409051245597192
2025-06-20,11.895386855090347,11.38944780630617,12.401325302520505
2025-06-21,11.887566402530014,11.380893404318861,12.394238876474718
2025-06-22,11.880386850549076,11.37298128269229,12.387791967459833
2025-06-23,11.873848199147535,11.365711441426457,12.38198457547585
2025-06-24,11.867950448325383,11.359083880521363,12.376816700522768
2025-06-25,11.862693598082629,11.35309859997701,12.37228834260059
2025-06-26,11.858077648419268,11.347755599793395,12.368399501709314
2025-06-27,11.854102599335304,11.34305487997052,12.36515017784894
2025-06-28,11.850768450830733,11.338996440508382,12.362540371019467
2025-06-29,11.848075202905555,11.335580281406981,12.360570081220894
2025-06-30,11.846022855559777,11.332806402666327,12.359239308453228
2025-07-01,11.844611408793387,11.330674804286406,12.358548052716461
2025-07-02,11.843840862606395,11.329185486267226,12.358496314010598
2025-07-03,11.8437112169988,11.328338448608786,12.359084092335635
2025-07-04,11.844222471970593,11.328133691311084,12.360311387691574
2025-07-05,11.845374627521785,11.32857121437412,12.362178200078418
2025-07-06,11.847167683652371,11.329651017797897,12.36468452949616
2025-07-07,11.849601640362351,11.331373101582415,12.367830375944806
2025-07-08,11.852676497651727,11.333737465727669,12.371615739424353
2025-07-09,11.856392255520497,11.336744110233665,12.376040619934804
2025-07-10,11.86074891396866,11.340393035100396,12.381105017476155
2025-07-11,11.86574647299622,11.34468424032787,12.38680893204841
2025-07-12,11.871384932603172,11.349617725916083,12.393152363651566
2025-07-13,11.87766429278952,11.355193491865034,12.400135312285624
2025-07-14,11.884584553555262,11.361411538174725,12.407757777950586
2025-07-15,11.892145714900401,11.368271864845152,12.416019760646448
2025-07-16,11.900201519956253,11.375628549815081,12.42477466924842
2025-07-17,11.907874427510723,11.382606060717041,12.433142957007739
2025-07-18,11.915018180695139,11.389058475489794,12.440978032799618
2025-07-19,11.921632779509494,11.39498579413334,12.44827989662405
2025-07-20,11.927718223953791,11.40038801664768,12.455048548481043
2025-07-21,11.93327451402803,11.40526514303281,12.461283988370592
2025-07-22,11.93830164973221,11.409617173288732,12.466986216292694
2025-07-23,11.942799631066334,11.413444107415451,12.472155232247356
2025-07-24,11.946768458030395,11.416745945412961,12.476791036234573
2025-07-25,11.9502081306244,11.419522687281262,12.48089362825435
2025-07-26,11.953118648848347,11.421774333020355,12.48446300830668
2025-07-27,11.955500012702233,11.42350088263024,12.487499176391566
2025-07-28,11.957352222186062,11.424702336110919,12.49000213250901
2025-07-29,11.958675277299832,11.425378693462392,12.491971876659013
2025-07-30,11.959469178043546,11.425529954684658,12.493408408841573
2025-07-31,11.959733924417199,11.42515611977771,12.494311729056687
2025-08-01,11.959469516420794,11.424257188741562,12.494681837304359
2025-08-02,11.958675954054328,11.422833161576202,12.494518733584586
2025-08-03,11.957353237317806,11.420884038281637,12.49382241789737
2025-08-04,11.955501366211223,11.418409818857862,12.49259289024271
2025-08-05,11.953120340734586,11.41541050330488,12.49083015062061
2025-08-06,11.950210160887888,11.411886091622693,12.488534199031065
2025-08-07,11.94677082667113,11.407836583811296,12.485705035474076
2025-08-08,11.942802338084316,11.403261979870694,12.482342659949643
2025-08-09,11.938304695127442,11.398162279800884,12.47844707245777
2025-08-10,11.933277897800512,11.392537483601863,12.47401827299845
2025-08-11,11.92772194610352,11.386387591273637,12.469056261571689
2025-08-12,11.92163684003647,11.379712602816205,12.463561038177485
2025-08-13,11.915022579599363,11.372512518229566,12.457532602815835
2025-08-14,11.907879164792195,11.364787337513718,12.450970955486744
2025-08-15,11.90020659561497,11.35653706066866,12.443876096190206
2025-08-16,11.892156957317253,11.347913021154175,12.436400861873445
2025-08-17,11.88464276139644,11.339823219728931,12.429462274219738
2025-08-18,11.877816093102098,11.332418989852705,12.423213170176304
2025-08-19,11.871676952434225,11.325700331525498,12.417653549743145
2025-08-20,11.866225339392825,11.319667244747308,12.412783412920254
2025-08-21,11.861461253977895,11.31431972951814,12.40860275970764
2025-08-22,11.857384696189435,11.30965778583799,12.4051115901053
2025-08-23,11.853995666027446,11.305681413706855,12.402309904113228
2025-08-24,11.851294163491927,11.302390613124741,12.40019770173143
2025-08-25,11.84928018858288,11.299785384091646,12.398774982959907
2025-08-26,11.847953741300303,11.29786572660757,12.398041747798654
2025-08-27,11.847314821644197,11.296631640672512,12.397997996247675
2025-08-28,11.84736342961456,11.29608312628647,12.398643728306968
2025-08-29,11.848099565211395,11.296220183449451,12.399978943976533
2025-08-30,11.849523228434698,11.297042812161449,12.402003643256371
2025-08-31,11.851634419284474,11.298551012422466,12.404717826146483
2025-09-01,11.85443313776072,11.3007447842325,12.408121492646867
2025-09-02,11.85791938386344,11.303624127591554,12.412214642757522
2025-09-03,11.862093157592629,11.307189042499624,12.416997276478451
2025-09-04,11.866954458948287,11.311439528956717,12.422469393809653
2025-09-05,11.872503287930417,11.316375586962828,12.428630994751128
2025-09-06,11.878739644539015,11.321997216517953,12.435482079302872
2025-09-07,11.885663528774085,11.3283044176221,12.443022647464892
2025-09-08,11.893274940635628,11.335297190275268,12.451252699237186
2025-09-09,11.901573880123637,11.342975534477452,12.460172234619751
2025-09-10,11.91056034723812,11.351339450228652,12.469781253612584
2025-09-11,11.920234341979075,11.360388937528876,12.480079756215698
2025-09-12,11.930595864346497,11.370123996378116,12.491067742429077
2025-09-13,11.941644914340392,11.380544626776373,12.502745212252734
2025-09-14,11.953381491960759,11.391650828723652,12.515112165686663
2025-09-15,11.965805597207593,11.403442602219947,12.528168602730865
2025-09-16,11.9789172300809,11.41591994726526,12.541914523385334
2025-09-17,11.992716390580675,11.429082863859595,12.55634992765008
2025-09-18,12.007203078706924,11.442931352002947,12.5714748155251
2025-09-19,12.022377294459641,11.457465411695317,12.58728918701039
2025-09-20,12.03823903783883,11.472685042936703,12.603793042105954
2025-09-21,12.05478830884449,11.488590245727114,12.620986380811791
2025-09-22,12.072025107476618,11.505181020066539,12.638869203127898
2025-09-23,12.08994943373522,11.522457365954985,12.65744150905428
2025-09-24,12.10856128762029,11.540419283392447,12.676703298590935
2025-09-25,12.127860669131833,11.55906677237893,12.69665457173786
2025-09-26,12.147847578269847,11.578399832914432,12.717295328495062
2025-09-27,12.168522015034329,11.598418464998952,12.738625568862531
2025-09-28,12.189883979425284,11.619122668632489,12.760645292840277
2025-09-29,12.211933471442707,11.640512443815044,12.783354500428295
2025-09-30,12.234670491086602,11.66258779054662,12.806753191626584
